dogs,owner_email
Li-Lu|Max,user7093@gmail.com
Li-Lu|Max,user7093@gmail.com
Li-Lu|Max,user7093@gmail.com
Daisy|missy,user9727@gmail.com
Daisy|missy,user9727@gmail.com
Daisy|missy,user9727@gmail.com
Zeus,user9799@gmail.com
Zeus,user9799@gmail.com
Sushi|Miranda,user2124@verizon.net
Sushi|Miranda,user2124@verizon.net
Riley|Indie|Qurbi,user7194@gmail.com
Riley|Indie|Qurbi,user7194@gmail.com
Lily,user8327@yahoo.com
Lily,user8327@yahoo.com
Lily,user8327@yahoo.com
Dorrie|Virgil|Eli,user2281@hotmail.com
Dorrie|Virgil|Eli,user2281@hotmail.com
Brady|Ginger|Moses,user8181@yahoo.com
Brady|Ginger|Moses,user8181@yahoo.com
Brady|Ginger|Moses,user8181@yahoo.com
Mamba,user1184@gmail.com
Mamba,user1184@gmail.com
Mamba,user1184@gmail.com
Brooke|Zero,user3063@verizon.net
Brooke|Zero,user3063@verizon.net
Brooke|Zero,user3063@verizon.net
Rebel|Charlie|Bella,user8481@gmail.com
Rebel|Charlie|Bella,user8481@gmail.com
Rebel|Charlie|Bella,user8481@gmail.com
riptide|Bailey,user2733@t-mobile.com
riptide|Bailey,user2733@t-mobile.com
riptide|Bailey,user2733@t-mobile.com
riptide|Bailey,user2733@t-mobile.com
riptide|Bailey,user2733@t-mobile.com
Djanjo|Roxie,user8066@verizon.net
Djanjo|Roxie,user8066@verizon.net
Djanjo|Roxie,user8066@verizon.net
Djanjo|Roxie,user8066@verizon.net
Djanjo|Roxie,user8066@verizon.net
Kali,user4478@verizon.net
Kali,user4478@verizon.net
Kali,user4478@verizon.net
Kali,user4478@verizon.net
Ty,user4484@verizon.net
Ty,user4484@verizon.net
Ty,user4484@verizon.net
Ty,user4484@verizon.net
Scotty,user1753@t-mobile.com
Scotty,user1753@t-mobile.com
Scotty,user1753@t-mobile.com
Scotty,user1753@t-mobile.com
Scotty,user1753@t-mobile.com
Zara|Dayo,user5326@t-mobile.com
Zara|Dayo,user5326@t-mobile.com
Zara|Dayo,user5326@t-mobile.com
Duncan,user4172@verizon.net
Duncan,user4172@verizon.net
Duncan,user4172@verizon.net
Sir Percy Blakeney Baronet|Nala|Walter,user5948@yahoo.com
Sir Percy Blakeney Baronet|Nala|Walter,user5948@yahoo.com
Sir Percy Blakeney Baronet|Nala|Walter,user5948@yahoo.com
Maisey|Lulu,user6616@yahoo.com
Bailey,user1951@verizon.net
Bailey,user1951@verizon.net
Bailey,user1951@verizon.net
Bailey,user1951@verizon.net
Pepper|Cody|Scamper,user1426@verizon.net
Pepper|Cody|Scamper,user1426@verizon.net
Scooter,user4739@hotmail.com
Malu|Mally|Lucy,user9197@yahoo.com
Malu|Mally|Lucy,user9197@yahoo.com
Malu|Mally|Lucy,user9197@yahoo.com
Skye|teddy  and izzy|Bailey,user5878@gmail.com
Skye|teddy  and izzy|Bailey,user5878@gmail.com
Skye|teddy  and izzy|Bailey,user5878@gmail.com
Gadget|Bu|Zeeba,user8744@gmail.com
Gadget|Bu|Zeeba,user8744@gmail.com
Gadget|Bu|Zeeba,user8744@gmail.com
Macy,user9460@yahoo.com
Macy,user9460@yahoo.com
Macy,user9460@yahoo.com
Macy,user9460@yahoo.com
Ramone|Amos,user1837@hotmail.com
Ramone|Amos,user1837@hotmail.com
Pongo|Porter,user7713@hotmail.com
Pongo|Porter,user7713@hotmail.com
Pongo|Porter,user7713@hotmail.com
Roxy,user1050@hotmail.com
Roxy,user1050@hotmail.com
Roxy,user1050@hotmail.com
Roxy,user1050@hotmail.com
Roxy,user1050@hotmail.com
Emily|Giant,user3914@hotmail.com
Emily|Giant,user3914@hotmail.com
Ozzy|Kona|Lady,user3915@yahoo.com
Ozzy|Kona|Lady,user3915@yahoo.com
Carlos|Faye|Mottley,user2757@hotmail.com
Carlos|Faye|Mottley,user2757@hotmail.com
Carlos|Faye|Mottley,user2757@hotmail.com
Riley,user3072@yahoo.com
Riley,user3072@yahoo.com
Kashmere,user5733@t-mobile.com
Kashmere,user5733@t-mobile.com
Kashmere,user5733@t-mobile.com
M-dog,user8132@gmail.com
Vincent Spencer Lottner|Nellie,user5529@gmail.com
Vincent Spencer Lottner|Nellie,user5529@gmail.com
Vincent Spencer Lottner|Nellie,user5529@gmail.com
Cessie,user6899@hotmail.com
Cessie,user6899@hotmail.com
Cessie,user6899@hotmail.com
Buttercup|kippy,user5036@yahoo.com
Beast|Lucas,user7313@yahoo.com
Beast|Lucas,user7313@yahoo.com
willow,user7116@verizon.net
willow,user7116@verizon.net
Buddy,user7910@t-mobile.com
Breezy|Moxx,user5005@hotmail.com
Ruby,user5888@yahoo.com
Ruby,user5888@yahoo.com
Ruby,user5888@yahoo.com
Ruby,user5888@yahoo.com
Ruby,user5888@yahoo.com
Ruby,user5888@yahoo.com
Mars|Goldie|Max,user3958@t-mobile.com
Mars|Goldie|Max,user3958@t-mobile.com
Reggie,user2932@yahoo.com
Reggie,user2932@yahoo.com
Reggie,user2932@yahoo.com
Reggie,user2932@yahoo.com
Spencer,user7019@yahoo.com
Spencer,user7019@yahoo.com
Spencer,user7019@yahoo.com
Spencer,user7019@yahoo.com
Six|Light|Piper,user6977@yahoo.com
Jax|Sammy,user7056@verizon.net
Pedro|bella|Biscuit,user5896@hotmail.com
Gambler|Molly,user7910@hotmail.com
Storm|Lucy|Harvey,user2161@verizon.net
Storm|Lucy|Harvey,user2161@verizon.net
Storm|Lucy|Harvey,user2161@verizon.net
Slider|Cleatus,user3187@hotmail.com
Slider|Cleatus,user3187@hotmail.com
Slider|Cleatus,user3187@hotmail.com
Husk|Orion|Lucky,user2462@t-mobile.com
Gypsy,user1780@yahoo.com
Gypsy,user1780@yahoo.com
Ro|Houston|Aspen,user3912@yahoo.com
Ro|Houston|Aspen,user3912@yahoo.com
Ro|Houston|Aspen,user3912@yahoo.com
Cody|Gemma,user5271@gmail.com
Cody|Gemma,user5271@gmail.com
Cody|Gemma,user5271@gmail.com
Cody|Gemma,user5271@gmail.com
Cody|Gemma,user5271@gmail.com
Cody|Gemma,user5271@gmail.com
Boo Boo,user7402@hotmail.com
Boo Boo,user7402@hotmail.com
Boo Boo,user7402@hotmail.com
Butters|Bolt|Doudou,user9573@t-mobile.com
Butters|Bolt|Doudou,user9573@t-mobile.com
Butters|Bolt|Doudou,user9573@t-mobile.com
Schatzie|tabitha,user8400@gmail.com
Schatzie|tabitha,user8400@gmail.com
Schatzie|tabitha,user8400@gmail.com
Rollo,user4593@t-mobile.com
Rollo,user4593@t-mobile.com
Kyra|Banjo,user7869@verizon.net
Kyra|Banjo,user7869@verizon.net
Kyra|Banjo,user7869@verizon.net
max,user4723@yahoo.com
max,user4723@yahoo.com
max,user4723@yahoo.com
max,user4723@yahoo.com
Webster|Alfie,user5821@yahoo.com
Webster|Alfie,user5821@yahoo.com
Webster|Alfie,user5821@yahoo.com
Webster|Alfie,user5821@yahoo.com
Webster|Alfie,user5821@yahoo.com
Woodford,user9770@verizon.net
Woodford,user9770@verizon.net
Woodford,user9770@verizon.net
Amos|Milo|Hershey,user2019@hotmail.com
Amos|Milo|Hershey,user2019@hotmail.com
Amos|Milo|Hershey,user2019@hotmail.com
Oliver,user3260@hotmail.com
queen|Boss|Leila,user4214@hotmail.com
Sam|Dudley,user2619@gmail.com
Sam|Dudley,user2619@gmail.com
Sam|Dudley,user2619@gmail.com
Coco,user2068@yahoo.com
Coco,user2068@yahoo.com
Harley,user6780@gmail.com
Harley,user6780@gmail.com
Harley,user6780@gmail.com
Harley,user6780@gmail.com
Harley,user6780@gmail.com
Tide|Megan,user8020@verizon.net
Tide|Megan,user8020@verizon.net
Tide|Megan,user8020@verizon.net
Tide|Megan,user8020@verizon.net
Tide|Megan,user8020@verizon.net
Lacey|Max,user3447@t-mobile.com
Binky|Nadia|Zoey,user6082@gmail.com
Binky|Nadia|Zoey,user6082@gmail.com
Binky|Nadia|Zoey,user6082@gmail.com
Binky|Nadia|Zoey,user6082@gmail.com
Binky|Nadia|Zoey,user6082@gmail.com
Ernesto,user4823@yahoo.com
Ernesto,user4823@yahoo.com
Ernesto,user4823@yahoo.com
Ernesto,user4823@yahoo.com
Tahoe|Halli,user2850@gmail.com
Tahoe|Halli,user2850@gmail.com
Alice|Lily|Bo,user9450@hotmail.com
Alice|Lily|Bo,user9450@hotmail.com
Emmie|Lilly,user8063@gmail.com
Lily|Kona,user8541@yahoo.com
Lily|Kona,user8541@yahoo.com
Cassius|Lucy,user1854@yahoo.com
Fury,user7857@hotmail.com
Fury,user7857@hotmail.com
Fury,user7857@hotmail.com
Fury,user7857@hotmail.com
Fury,user7857@hotmail.com
Cosmo|Lola,user1820@yahoo.com
Daphne|Winston|Dakota,user7640@t-mobile.com
Daphne|Winston|Dakota,user7640@t-mobile.com
Daphne|Winston|Dakota,user7640@t-mobile.com
Daphne|Winston|Dakota,user7640@t-mobile.com
Sonny|Pumpernickel|Ariel,user3422@t-mobile.com
Sonny|Pumpernickel|Ariel,user3422@t-mobile.com
Sonny|Pumpernickel|Ariel,user3422@t-mobile.com
Sonny|Pumpernickel|Ariel,user3422@t-mobile.com
Rajah,user4608@gmail.com
Rajah,user4608@gmail.com
Rajah,user4608@gmail.com
Rocco|Elvis|Teddy,user3007@verizon.net
Rocco|Elvis|Teddy,user3007@verizon.net
Rocco|Elvis|Teddy,user3007@verizon.net
Rocco|Elvis|Teddy,user3007@verizon.net
Rocco|Elvis|Teddy,user3007@verizon.net
Dolce,user5339@verizon.net
Dolce,user5339@verizon.net
Dolce,user5339@verizon.net
Fluffy|Abby,user6777@yahoo.com
Madisson,user9859@t-mobile.com
Madisson,user9859@t-mobile.com
Lily|Snowy|Rascal,user6666@yahoo.com
Lily|Snowy|Rascal,user6666@yahoo.com
Lily|Snowy|Rascal,user6666@yahoo.com
Lily|Snowy|Rascal,user6666@yahoo.com
Lily|Snowy|Rascal,user6666@yahoo.com
Lily|Snowy|Rascal,user6666@yahoo.com
Lily|Snowy|Rascal,user6666@yahoo.com
Kirby|Bogle,user7796@yahoo.com
angel,user6055@hotmail.com
Anna|Lily Bugs Von Schnauzer|Boree,user9527@yahoo.com
Roxy|Sanka,user8745@hotmail.com
Roxy|Sanka,user8745@hotmail.com
bella|Finnlee,user6966@yahoo.com
bella|Finnlee,user6966@yahoo.com
Brinkley|Moxie,user6132@yahoo.com
Brinkley|Moxie,user6132@yahoo.com
Brinkley|Moxie,user6132@yahoo.com
Sampson|Dj|Ysabelle,user3046@verizon.net
Sampson|Dj|Ysabelle,user3046@verizon.net
Sampson|Dj|Ysabelle,user3046@verizon.net
Gordo|Hank|Maxx,user1134@t-mobile.com
Gordo|Hank|Maxx,user1134@t-mobile.com
Gordo|Hank|Maxx,user1134@t-mobile.com
Olive,user8064@yahoo.com
Olive,user8064@yahoo.com
Gem|Sable|Katie,user8240@gmail.com
Carly|Stryker|Scooter,user9835@hotmail.com
Carly|Stryker|Scooter,user9835@hotmail.com
Carly|Stryker|Scooter,user9835@hotmail.com
Carly|Stryker|Scooter,user9835@hotmail.com
Brighton,user5999@verizon.net
Brighton,user5999@verizon.net
Rosie|Bailey,user3824@gmail.com
Brite Eyes|Otis|callie,user5021@hotmail.com
Barnaby|luna|Tobi,user7360@gmail.com
Barnaby|luna|Tobi,user7360@gmail.com
Lucy|Boomer,user4205@hotmail.com
Lucy|Boomer,user4205@hotmail.com
Madden|LouLou,user1188@gmail.com
Madden|LouLou,user1188@gmail.com
Madden|LouLou,user1188@gmail.com
Madden|LouLou,user1188@gmail.com
Zoey|Chewy|Holly,user2665@yahoo.com
Zoey|Chewy|Holly,user2665@yahoo.com
Issy|Layla|queen,user3883@yahoo.com
Issy|Layla|queen,user3883@yahoo.com
Mystery,user3773@t-mobile.com
Mystery,user3773@t-mobile.com
Mystery,user3773@t-mobile.com
Mystery,user3773@t-mobile.com
Flaca,user8019@t-mobile.com
Flaca,user8019@t-mobile.com
Flaca,user8019@t-mobile.com
Javier|Bo,user4199@verizon.net
Javier|Bo,user4199@verizon.net
Javier|Bo,user4199@verizon.net
Javier|Bo,user4199@verizon.net
Juno|Sandpiper|A.T.the All Terrain dog,user7463@yahoo.com
Juno|Sandpiper|A.T.the All Terrain dog,user7463@yahoo.com
Juno|Sandpiper|A.T.the All Terrain dog,user7463@yahoo.com
Meeko,user9545@t-mobile.com
Meeko,user9545@t-mobile.com
Meeko,user9545@t-mobile.com
Meeko,user9545@t-mobile.com
Meeko,user9545@t-mobile.com
Penelope|Mo,user9272@hotmail.com
Penelope|Mo,user9272@hotmail.com
Penelope|Mo,user9272@hotmail.com
Penelope|Mo,user9272@hotmail.com
Boo|Buddy|sparkey,user1837@gmail.com
Benito|livie|Kaiser,user6929@hotmail.com
Benito|livie|Kaiser,user6929@hotmail.com
Benito|livie|Kaiser,user6929@hotmail.com
Benito|livie|Kaiser,user6929@hotmail.com
Benito|livie|Kaiser,user6929@hotmail.com
Benito|livie|Kaiser,user6929@hotmail.com
Chopper,user5016@hotmail.com
Chopper,user5016@hotmail.com
Vulcan|Piper|Jenna,user9458@t-mobile.com
Vulcan|Piper|Jenna,user9458@t-mobile.com
Nico|Pearl|Steeler,user6111@t-mobile.com
Nico|Pearl|Steeler,user6111@t-mobile.com
Nico|Pearl|Steeler,user6111@t-mobile.com
Lucky Charms|Lottie,user5652@verizon.net
Stella|Milton|Oscar,user8960@verizon.net
Stella|Milton|Oscar,user8960@verizon.net
Mijo,user6906@yahoo.com
Mijo,user6906@yahoo.com
Bubba,user4660@yahoo.com
Bubba,user4660@yahoo.com
Maynard|Archie,user3406@hotmail.com
Maynard|Archie,user3406@hotmail.com
Lego,user4860@t-mobile.com
Lego,user4860@t-mobile.com
Chili|Chewie|Dugan,user1902@yahoo.com
Chili|Chewie|Dugan,user1902@yahoo.com
Chili|Chewie|Dugan,user1902@yahoo.com
Bandit|Duke|Pogo,user4832@t-mobile.com
Bandit|Duke|Pogo,user4832@t-mobile.com
Bandit|Duke|Pogo,user4832@t-mobile.com
Bandit|Duke|Pogo,user4832@t-mobile.com
Bandit|Duke|Pogo,user4832@t-mobile.com
Bandit|Duke|Pogo,user4832@t-mobile.com
howie,user4194@hotmail.com
Charlie,user7766@verizon.net
Charlie,user7766@verizon.net
Charlie,user7766@verizon.net
jack douglas waddle,user6570@hotmail.com
jack douglas waddle,user6570@hotmail.com
Suki,user8802@t-mobile.com
Suki,user8802@t-mobile.com
Suki,user8802@t-mobile.com
Suki,user8802@t-mobile.com
Rocky|Martell|Piper,user7818@gmail.com
Rasty-CAT|Shogun|Annie,user3444@t-mobile.com
UK|Mogley|Ogi,user8845@t-mobile.com
UK|Mogley|Ogi,user8845@t-mobile.com
Mali,user7852@hotmail.com
Mali,user7852@hotmail.com
Skyy|Ziggy,user4075@gmail.com
Skyy|Ziggy,user4075@gmail.com
Skyy|Ziggy,user4075@gmail.com
Bailey|Jake|Bodie,user6354@gmail.com
Bailey|Jake|Bodie,user6354@gmail.com
Bailey|Jake|Bodie,user6354@gmail.com
Jasmin|Jack|Abraham,user1983@gmail.com
Roxy|Hans,user7993@gmail.com
Elsie|Max,user2994@verizon.net
Elsie|Max,user2994@verizon.net
skruffy,user3737@t-mobile.com
skruffy,user3737@t-mobile.com
skruffy,user3737@t-mobile.com
Cookie|Breck,user3165@gmail.com
Cookie|Breck,user3165@gmail.com
Monty,user7988@hotmail.com
Monty,user7988@hotmail.com
Monty,user7988@hotmail.com
Monty,user7988@hotmail.com
Puffy,user2918@gmail.com
Puffy,user2918@gmail.com
Puffy,user2918@gmail.com
lady|Webber,user5183@t-mobile.com
lady|Webber,user5183@t-mobile.com
Calvin|Chewie,user6114@hotmail.com
Calvin|Chewie,user6114@hotmail.com
Sophie,user3879@hotmail.com
Sophie,user3879@hotmail.com
Murphy,user6653@gmail.com
LILI,user7999@yahoo.com
LILI,user7999@yahoo.com
oscar|Max|Kayia,user9294@hotmail.com
oscar|Max|Kayia,user9294@hotmail.com
oscar|Max|Kayia,user9294@hotmail.com
oscar|Max|Kayia,user9294@hotmail.com
oscar|Max|Kayia,user9294@hotmail.com
Jackie,user7872@t-mobile.com
Jackie,user7872@t-mobile.com
Jackie,user7872@t-mobile.com
Zoe|copper|Maggie,user7703@yahoo.com
Mitzi|Taco|Lupe,user8879@verizon.net
Mitzi|Taco|Lupe,user8879@verizon.net
Mitzi|Taco|Lupe,user8879@verizon.net
Rocky|buddy|Baxter,user2439@gmail.com
Rocky|buddy|Baxter,user2439@gmail.com
Rocky|buddy|Baxter,user2439@gmail.com
Rocky|buddy|Baxter,user2439@gmail.com
Rocky|buddy|Baxter,user2439@gmail.com
Chance|chester,user7808@gmail.com
Chance|chester,user7808@gmail.com
Chance|chester,user7808@gmail.com
gus,user6116@verizon.net
gus,user6116@verizon.net
gus,user6116@verizon.net
Sidney|Jack|DOMO,user9620@verizon.net
Sidney|Jack|DOMO,user9620@verizon.net
Maggie,user2878@t-mobile.com
Maggie,user2878@t-mobile.com
Maggie,user2878@t-mobile.com
Pinot Grigio,user2555@verizon.net
Pinot Grigio,user2555@verizon.net
uk|Myra|Zahra,user6721@t-mobile.com
uk|Myra|Zahra,user6721@t-mobile.com
uk|Myra|Zahra,user6721@t-mobile.com
Ceasar,user7531@gmail.com
Sophie|Simba,user1858@hotmail.com
Patty|Jenny|Cooper,user7315@gmail.com
Patty|Jenny|Cooper,user7315@gmail.com
Patty|Jenny|Cooper,user7315@gmail.com
Misty|Carmel|Ace,user5577@verizon.net
Misty|Carmel|Ace,user5577@verizon.net
Misty|Carmel|Ace,user5577@verizon.net
Falkor|Bella|Buster,user1413@hotmail.com
Falkor|Bella|Buster,user1413@hotmail.com
Max|Sansa,user7170@verizon.net
Max|Sansa,user7170@verizon.net
Niki,user5242@gmail.com
Niki,user5242@gmail.com
Niki,user5242@gmail.com
Mama|Riley,user7645@hotmail.com
Hunter|Blondi|Bengy,user1125@t-mobile.com
Hunter|Blondi|Bengy,user1125@t-mobile.com
Cali|Klaus|Kobe,user6098@t-mobile.com
Oz|Bullet|Kujo,user5217@verizon.net
Oz|Bullet|Kujo,user5217@verizon.net
Oz|Bullet|Kujo,user5217@verizon.net
Oz|Bullet|Kujo,user5217@verizon.net
Muffintop|daisy|Avery,user9319@gmail.com
Muffintop|daisy|Avery,user9319@gmail.com
Muffintop|daisy|Avery,user9319@gmail.com
Max|Sasha|Benji,user9459@yahoo.com
Max|Sasha|Benji,user9459@yahoo.com
Rosco|Waldo,user8014@yahoo.com
Rosco|Waldo,user8014@yahoo.com
Kronos,user4979@verizon.net
Kronos,user4979@verizon.net
Henri|Tulls,user3758@yahoo.com
Henri|Tulls,user3758@yahoo.com
Henri|Tulls,user3758@yahoo.com
Henri|Tulls,user3758@yahoo.com
Henri|Tulls,user3758@yahoo.com
Mr. Whipple|Bailee,user8763@gmail.com
Mr. Whipple|Bailee,user8763@gmail.com
Mr. Whipple|Bailee,user8763@gmail.com
Mr. Whipple|Bailee,user8763@gmail.com
Mr. Whipple|Bailee,user8763@gmail.com
Mr. Whipple|Bailee,user8763@gmail.com
Gucci|Molly,user6220@hotmail.com
Gucci|Molly,user6220@hotmail.com
Gucci|Molly,user6220@hotmail.com
Zoey|Penny|Kahlua,user8117@yahoo.com
Zoey|Penny|Kahlua,user8117@yahoo.com
Lady|Gary,user7928@gmail.com
Eddie,user5050@yahoo.com
Eddie,user5050@yahoo.com
Belle|Tibby,user2701@verizon.net
Belle|Tibby,user2701@verizon.net
Belle|Tibby,user2701@verizon.net
Bosley,user9679@verizon.net
Bosley,user9679@verizon.net
layla|Boots|Hiwalani,user6943@gmail.com
layla|Boots|Hiwalani,user6943@gmail.com
Bella|Figaro|Doug,user4787@yahoo.com
Bubbles|Ducky|Travis,user3252@t-mobile.com
Bubbles|Ducky|Travis,user3252@t-mobile.com
Bubbles|Ducky|Travis,user3252@t-mobile.com
Bubbles|Ducky|Travis,user3252@t-mobile.com
Bubbles|Ducky|Travis,user3252@t-mobile.com
Barkley,user9419@hotmail.com
Sophie|Maddy|Chloe,user5927@gmail.com
Sophie|Maddy|Chloe,user5927@gmail.com
Sophie|Maddy|Chloe,user5927@gmail.com
Sophie|Maddy|Chloe,user5927@gmail.com